,id,date-time,x,y,res,final
0,1,2021-10-18 13:09:46.06,4107,119,8,8
1,2,2021-10-18 13:09:46.345,4107,118,8,8
2,3,2021-10-18 13:09:46.847,4107,119,8,8
3,4,2021-10-18 13:09:46.948,4107,117,8,8
4,5,2021-10-18 13:09:47.049,4107,119,8,8
5,6,2021-10-18 13:09:47.148,4108,118,8,8
6,7,2021-10-18 13:09:47.249,4107,118,8,8
7,8,2021-10-18 13:09:47.373,4107,119,8,8
8,9,2021-10-18 13:09:47.449,4106,118,8,8
9,10,2021-10-18 13:09:47.55,4107,118,8,8
10,11,2021-10-18 13:09:47.658,4106,119,8,8
11,12,2021-10-18 13:09:47.751,4107,118,8,8
12,13,2021-10-18 13:09:47.881,4108,118,8,8
13,14,2021-10-18 13:09:47.951,4106,118,8,8
14,15,2021-10-18 13:09:48.052,4108,119,8,8
15,16,2021-10-18 13:09:48.155,4107,118,8,8
16,17,2021-10-18 13:09:48.252,4107,118,8,8
17,18,2021-10-18 13:09:48.353,4107,118,8,8
18,19,2021-10-18 13:09:48.453,4106,118,8,8
19,20,2021-10-18 13:09:48.554,4107,118,8,8
20,21,2021-10-18 13:09:48.665,4107,118,8,8
21,22,2021-10-18 13:09:48.754,4106,118,8,8
22,23,2021-10-18 13:09:48.859,4107,119,8,8
23,24,2021-10-18 13:09:48.955,4106,118,8,8
24,25,2021-10-18 13:09:49.055,4107,119,8,8
25,26,2021-10-18 13:09:49.197,4106,118,8,8
26,27,2021-10-18 13:09:49.256,4106,118,8,8
27,28,2021-10-18 13:09:49.356,4107,119,8,8
28,29,2021-10-18 13:09:49.466,4106,118,8,8
29,30,2021-10-18 13:09:49.557,4107,118,8,8
30,31,2021-10-18 13:09:49.658,4107,118,8,8
31,32,2021-10-18 13:09:49.758,4106,118,8,8
32,33,2021-10-18 13:09:49.858,4107,119,8,8
33,34,2021-10-18 13:09:49.973,4107,118,8,8
34,35,2021-10-18 13:09:50.059,4107,118,8,8
35,36,2021-10-18 13:09:50.159,4107,118,8,8
36,37,2021-10-18 13:09:50.269,4107,118,8,8
37,38,2021-10-18 13:09:50.36,4107,118,8,8
38,39,2021-10-18 13:09:50.493,4106,118,8,8
39,40,2021-10-18 13:09:50.561,4106,118,8,8
40,41,2021-10-18 13:09:50.661,4106,118,8,8
41,42,2021-10-18 13:09:50.761,4107,118,8,8
42,43,2021-10-18 13:09:50.862,4106,118,8,8
43,44,2021-10-18 13:09:51.003,4107,118,8,8
44,45,2021-10-18 13:09:51.063,4106,119,8,8
45,46,2021-10-18 13:09:51.163,4107,118,8,8
46,47,2021-10-18 13:09:51.282,4107,118,8,8
47,48,2021-10-18 13:09:51.364,4106,118,8,8
48,49,2021-10-18 13:09:51.464,4107,118,8,8
49,50,2021-10-18 13:09:51.706,4107,118,8,8
50,51,2021-10-18 13:09:58.73,4108,118,8,8
51,52,2021-10-18 13:09:58.883,4106,118,8,8
52,53,2021-10-18 13:09:59.385,4107,119,8,8
53,54,2021-10-18 13:09:59.485,4106,119,8,8
54,55,2021-10-18 13:09:59.587,4107,119,8,8
55,56,2021-10-18 13:09:59.686,4107,119,8,8
56,57,2021-10-18 13:09:59.786,4107,119,8,8
57,58,2021-10-18 13:09:59.886,4106,118,8,8
58,59,2021-10-18 13:09:59.987,4107,118,8,8
59,60,2021-10-18 13:10:00.1,4106,119,8,8
60,61,2021-10-18 13:10:00.188,4107,118,8,8
61,62,2021-10-18 13:10:00.288,4107,118,8,8
62,63,2021-10-18 13:10:00.388,4106,119,8,8
63,64,2021-10-18 13:10:00.489,4107,118,8,8
64,65,2021-10-18 13:10:00.645,4106,119,8,8
65,66,2021-10-18 13:10:00.689,4107,119,8,8
66,67,2021-10-18 13:10:00.79,4107,119,8,8
67,68,2021-10-18 13:10:00.89,4106,119,8,8
68,69,2021-10-18 13:10:00.991,4106,119,8,8
69,70,2021-10-18 13:10:01.091,4107,119,8,8
70,71,2021-10-18 13:10:01.191,4107,118,8,8
71,72,2021-10-18 13:10:01.292,4106,118,8,8
72,73,2021-10-18 13:10:01.411,4107,119,8,8
73,74,2021-10-18 13:10:01.492,4106,119,8,8
74,75,2021-10-18 13:10:01.593,4106,119,8,8
75,76,2021-10-18 13:10:01.693,4107,119,8,8
76,77,2021-10-18 13:10:01.794,4107,118,8,8
77,78,2021-10-18 13:10:01.928,4106,119,8,8
78,79,2021-10-18 13:10:01.994,4107,119,8,8
79,80,2021-10-18 13:10:02.095,4107,119,8,8
80,81,2021-10-18 13:10:02.21,4106,119,8,8
81,82,2021-10-18 13:10:02.295,4107,119,8,8
82,83,2021-10-18 13:10:02.452,4106,118,8,8
83,84,2021-10-18 13:10:02.496,4106,119,8,8
84,85,2021-10-18 13:10:02.596,4106,119,8,8
85,86,2021-10-18 13:10:02.724,4105,119,8,8
86,87,2021-10-18 13:10:02.797,4107,119,8,8
87,88,2021-10-18 13:10:02.898,4106,119,8,8
88,89,2021-10-18 13:10:02.998,4107,119,8,8
89,90,2021-10-18 13:10:03.098,4107,119,8,8
90,91,2021-10-18 13:10:03.232,4107,118,8,8
91,92,2021-10-18 13:10:03.299,4106,118,8,8
92,93,2021-10-18 13:10:03.399,4106,119,8,8
93,94,2021-10-18 13:10:03.503,4107,119,8,8
94,95,2021-10-18 13:10:03.6,4106,119,8,8
95,96,2021-10-18 13:10:03.701,4107,119,8,8
96,97,2021-10-18 13:10:03.801,4107,118,8,8
97,98,2021-10-18 13:10:03.901,4107,119,8,8
98,99,2021-10-18 13:10:04.182,4107,119,8,8
99,100,2021-10-18 13:10:04.403,4106,119,8,8
100,101,2021-10-18 13:10:14.064,4098,119,8,8
101,102,2021-10-18 13:10:14.381,4098,119,8,8
102,103,2021-10-18 13:10:14.883,4098,118,8,8
103,104,2021-10-18 13:10:14.984,4098,119,8,8
104,105,2021-10-18 13:10:15.084,4098,119,8,8
105,106,2021-10-18 13:10:15.216,4098,119,8,8
106,107,2021-10-18 13:10:15.285,4098,119,8,8
107,108,2021-10-18 13:10:15.385,4098,118,8,8
108,109,2021-10-18 13:10:15.485,4098,119,8,8
109,110,2021-10-18 13:10:15.586,4098,119,8,8
110,111,2021-10-18 13:10:15.703,4097,119,8,8
111,112,2021-10-18 13:10:15.787,4098,119,8,8
112,113,2021-10-18 13:10:15.893,4098,119,8,8
113,114,2021-10-18 13:10:15.987,4098,119,8,8
114,115,2021-10-18 13:10:16.088,4098,119,8,8
115,116,2021-10-18 13:10:16.232,4097,119,8,8
116,117,2021-10-18 13:10:16.288,4097,119,8,8
117,118,2021-10-18 13:10:16.389,4097,119,8,8
118,119,2021-10-18 13:10:16.49,4098,119,8,8
119,120,2021-10-18 13:10:16.59,4098,119,8,8
120,121,2021-10-18 13:10:16.69,4098,119,8,8
121,122,2021-10-18 13:10:16.79,4098,119,8,8
122,123,2021-10-18 13:10:16.891,4098,119,8,8
123,124,2021-10-18 13:10:17.012,4098,119,8,8
124,125,2021-10-18 13:10:17.091,4097,120,8,8
125,126,2021-10-18 13:10:17.192,4098,119,8,8
126,127,2021-10-18 13:10:17.292,4097,119,8,8
127,128,2021-10-18 13:10:17.392,4098,118,8,8
128,129,2021-10-18 13:10:17.528,4098,119,8,8
129,130,2021-10-18 13:10:17.593,4097,119,8,8
130,131,2021-10-18 13:10:17.694,4098,119,8,8
131,132,2021-10-18 13:10:17.799,4098,119,8,8
132,133,2021-10-18 13:10:17.894,4098,119,8,8
133,134,2021-10-18 13:10:18.052,4098,118,8,8
134,135,2021-10-18 13:10:18.095,4098,119,8,8
135,136,2021-10-18 13:10:18.195,4098,119,8,8
136,137,2021-10-18 13:10:18.324,4097,119,8,8
137,138,2021-10-18 13:10:18.396,4098,119,8,8
138,139,2021-10-18 13:10:18.498,4098,119,8,8
139,140,2021-10-18 13:10:18.597,4098,119,8,8
140,141,2021-10-18 13:10:18.702,4098,119,8,8
141,142,2021-10-18 13:10:18.83,4098,118,8,8
142,143,2021-10-18 13:10:18.898,4097,119,8,8
143,144,2021-10-18 13:10:18.998,4098,119,8,8
144,145,2021-10-18 13:10:19.099,4098,119,8,8
145,146,2021-10-18 13:10:19.199,4098,119,8,8
146,147,2021-10-18 13:10:19.299,4098,120,8,8
147,148,2021-10-18 13:10:19.4,4098,119,8,8
148,149,2021-10-18 13:10:19.5,4098,119,8,8
149,150,2021-10-18 13:10:19.761,4098,120,8,8
150,151,2021-10-18 13:10:26.466,4097,120,8,8
151,152,2021-10-18 13:10:26.747,4097,119,8,8
152,153,2021-10-18 13:10:27.249,4098,119,8,8
153,154,2021-10-18 13:10:27.349,4097,120,8,8
154,155,2021-10-18 13:10:27.45,4097,120,8,8
155,156,2021-10-18 13:10:27.55,4098,119,8,8
156,157,2021-10-18 13:10:27.665,4098,120,8,8
157,158,2021-10-18 13:10:27.751,4097,120,8,8
158,159,2021-10-18 13:10:27.857,4097,120,8,8
159,160,2021-10-18 13:10:27.979,4097,120,8,8
160,161,2021-10-18 13:10:28.052,4098,120,8,8
161,162,2021-10-18 13:10:28.177,4097,119,8,8
162,163,2021-10-18 13:10:28.253,4097,121,8,8
163,164,2021-10-18 13:10:28.354,4098,120,8,8
164,165,2021-10-18 13:10:28.457,4097,120,8,8
165,166,2021-10-18 13:10:28.555,4098,120,8,8
166,167,2021-10-18 13:10:28.705,4097,120,8,8
167,168,2021-10-18 13:10:28.755,4097,120,8,8
168,169,2021-10-18 13:10:28.856,4098,120,8,8
169,170,2021-10-18 13:10:28.986,4097,120,8,8
170,171,2021-10-18 13:10:29.057,4098,120,8,8
171,172,2021-10-18 13:10:29.157,4098,120,8,8
172,173,2021-10-18 13:10:29.257,4097,120,8,8
173,174,2021-10-18 13:10:29.358,4098,120,8,8
174,175,2021-10-18 13:10:29.482,4098,120,8,8
175,176,2021-10-18 13:10:29.558,4098,120,8,8
176,177,2021-10-18 13:10:29.659,4097,120,8,8
177,178,2021-10-18 13:10:29.759,4098,120,8,8
178,179,2021-10-18 13:10:29.86,4098,119,8,8
179,180,2021-10-18 13:10:30.005,4097,120,8,8
180,181,2021-10-18 13:10:30.06,4098,121,8,8
181,182,2021-10-18 13:10:30.161,4098,120,8,8
182,183,2021-10-18 13:10:30.261,4097,119,8,8
183,184,2021-10-18 13:10:30.361,4097,120,8,8
184,185,2021-10-18 13:10:30.462,4097,120,8,8
185,186,2021-10-18 13:10:30.562,4097,120,8,8
186,187,2021-10-18 13:10:30.663,4097,120,8,8
187,188,2021-10-18 13:10:30.786,4097,119,8,8
188,189,2021-10-18 13:10:30.87,4098,120,8,8
189,190,2021-10-18 13:10:30.964,4097,119,8,8
190,191,2021-10-18 13:10:31.064,4097,120,8,8
191,192,2021-10-18 13:10:31.164,4097,120,8,8
192,193,2021-10-18 13:10:31.299,4098,120,8,8
193,194,2021-10-18 13:10:31.365,4097,120,8,8
194,195,2021-10-18 13:10:31.465,4098,120,8,8
195,196,2021-10-18 13:10:31.579,4098,120,8,8
196,197,2021-10-18 13:10:31.666,4097,120,8,8
197,198,2021-10-18 13:10:31.767,4097,119,8,8
198,199,2021-10-18 13:10:31.867,4097,120,8,8
199,200,2021-10-18 13:10:32.178,4098,120,8,8
200,201,2021-10-18 13:10:43.577,4098,119,8,8
201,202,2021-10-18 13:10:43.973,4097,119,8,8
202,203,2021-10-18 13:10:44.474,4098,119,8,8
203,204,2021-10-18 13:10:44.574,4097,120,8,8
204,205,2021-10-18 13:10:44.675,4098,119,8,8
205,206,2021-10-18 13:10:44.775,4097,120,8,8
206,207,2021-10-18 13:10:44.875,4098,119,8,8
207,208,2021-10-18 13:10:44.976,4097,120,8,8
208,209,2021-10-18 13:10:45.079,4097,120,8,8
209,210,2021-10-18 13:10:45.177,4098,120,8,8
210,211,2021-10-18 13:10:45.277,4098,120,8,8
211,212,2021-10-18 13:10:45.377,4097,120,8,8
212,213,2021-10-18 13:10:45.478,4098,120,8,8
213,214,2021-10-18 13:10:45.619,4098,119,8,8
214,215,2021-10-18 13:10:45.678,4097,120,8,8
215,216,2021-10-18 13:10:45.779,4098,119,8,8
216,217,2021-10-18 13:10:45.88,4097,120,8,8
217,218,2021-10-18 13:10:45.981,4098,120,8,8
218,219,2021-10-18 13:10:46.125,4098,120,8,8
219,220,2021-10-18 13:10:46.181,4097,119,8,8
220,221,2021-10-18 13:10:46.282,4097,120,8,8
221,222,2021-10-18 13:10:46.414,4097,120,8,8
222,223,2021-10-18 13:10:46.482,4098,118,8,8
223,224,2021-10-18 13:10:46.583,4098,119,8,8
224,225,2021-10-18 13:10:46.683,4098,119,8,8
225,226,2021-10-18 13:10:46.783,4097,119,8,8
226,227,2021-10-18 13:10:46.912,4098,119,8,8
227,228,2021-10-18 13:10:46.984,4097,120,8,8
228,229,2021-10-18 13:10:47.085,4097,120,8,8
229,230,2021-10-18 13:10:47.185,4098,120,8,8
230,231,2021-10-18 13:10:47.285,4098,119,8,8
231,232,2021-10-18 13:10:47.425,4098,120,8,8
232,233,2021-10-18 13:10:47.486,4098,120,8,8
233,234,2021-10-18 13:10:47.586,4098,120,8,8
234,235,2021-10-18 13:10:47.696,4097,120,8,8
235,236,2021-10-18 13:10:47.787,4097,120,8,8
236,237,2021-10-18 13:10:47.888,4098,119,8,8
237,238,2021-10-18 13:10:47.988,4097,120,8,8
238,239,2021-10-18 13:10:48.088,4098,119,8,8
239,240,2021-10-18 13:10:48.203,4097,119,8,8
240,241,2021-10-18 13:10:48.289,4097,119,8,8
241,242,2021-10-18 13:10:48.392,4098,119,8,8
242,243,2021-10-18 13:10:48.49,4097,120,8,8
243,244,2021-10-18 13:10:48.59,4097,119,8,8
244,245,2021-10-18 13:10:48.729,4097,119,8,8
245,246,2021-10-18 13:10:48.791,4097,118,8,8
246,247,2021-10-18 13:10:48.891,4097,120,8,8
247,248,2021-10-18 13:10:48.991,4098,120,8,8
248,249,2021-10-18 13:10:49.092,4098,120,8,8
249,250,2021-10-18 13:10:49.473,4098,120,8,8
250,251,2021-10-18 13:10:56.341,4098,119,8,8
251,252,2021-10-18 13:10:56.651,4098,119,8,8
252,253,2021-10-18 13:10:57.152,4098,118,8,8
253,254,2021-10-18 13:10:57.252,4098,118,8,8
254,255,2021-10-18 13:10:57.353,4098,119,8,8
255,256,2021-10-18 13:10:57.453,4098,118,8,8
256,257,2021-10-18 13:10:57.553,4098,118,8,8
257,258,2021-10-18 13:10:57.654,4098,119,8,8
258,259,2021-10-18 13:10:57.754,4097,119,8,8
259,260,2021-10-18 13:10:57.854,4098,118,8,8
260,261,2021-10-18 13:10:57.955,4097,119,8,8
261,262,2021-10-18 13:10:58.099,4098,119,8,8
262,263,2021-10-18 13:10:58.156,4098,118,8,8
263,264,2021-10-18 13:10:58.256,4098,118,8,8
264,265,2021-10-18 13:10:58.36,4098,118,8,8
265,266,2021-10-18 13:10:58.457,4098,118,8,8
266,267,2021-10-18 13:10:58.611,4098,118,8,8
267,268,2021-10-18 13:10:58.657,4098,118,8,8
268,269,2021-10-18 13:10:58.758,4098,118,8,8
269,270,2021-10-18 13:10:58.91,4097,119,8,8
270,271,2021-10-18 13:10:58.959,4097,118,8,8
271,272,2021-10-18 13:10:59.059,4098,118,8,8
272,273,2021-10-18 13:10:59.159,4098,118,8,8
273,274,2021-10-18 13:10:59.261,4098,119,8,8
274,275,2021-10-18 13:10:59.389,4098,118,8,8
275,276,2021-10-18 13:10:59.46,4099,119,8,8
276,277,2021-10-18 13:10:59.561,4098,119,8,8
277,278,2021-10-18 13:10:59.661,4098,118,8,8
278,279,2021-10-18 13:10:59.762,4099,119,8,8
279,280,2021-10-18 13:10:59.902,4098,119,8,8
280,281,2021-10-18 13:10:59.962,4098,119,8,8
281,282,2021-10-18 13:11:00.063,4097,118,8,8
282,283,2021-10-18 13:11:00.182,4097,118,8,8
283,284,2021-10-18 13:11:00.263,4097,118,8,8
284,285,2021-10-18 13:11:00.417,4098,118,8,8
285,286,2021-10-18 13:11:00.464,4097,119,8,8
286,287,2021-10-18 13:11:00.564,4098,118,8,8
287,288,2021-10-18 13:11:00.688,4098,118,8,8
288,289,2021-10-18 13:11:00.765,4098,119,8,8
289,290,2021-10-18 13:11:00.868,4098,119,8,8
290,291,2021-10-18 13:11:00.966,4097,120,8,8
291,292,2021-10-18 13:11:01.066,4098,118,8,8
292,293,2021-10-18 13:11:01.192,4098,118,8,8
293,294,2021-10-18 13:11:01.267,4098,119,8,8
294,295,2021-10-18 13:11:01.367,4098,118,8,8
295,296,2021-10-18 13:11:01.468,4098,118,8,8
296,297,2021-10-18 13:11:01.568,4098,119,8,8
297,298,2021-10-18 13:11:01.668,4098,119,8,8
298,299,2021-10-18 13:11:01.769,4098,119,8,8
299,300,2021-10-18 13:11:02.162,4098,118,8,8
300,301,2021-10-18 13:11:17.595,4092,119,8,8
301,302,2021-10-18 13:11:17.91,4092,119,8,8
302,303,2021-10-18 13:11:18.412,4092,119,8,8
303,304,2021-10-18 13:11:18.512,4092,119,8,8
304,305,2021-10-18 13:11:18.625,4092,118,8,8
305,306,2021-10-18 13:11:18.713,4092,118,8,8
306,307,2021-10-18 13:11:18.813,4092,118,8,8
307,308,2021-10-18 13:11:18.918,4092,119,8,8
308,309,2021-10-18 13:11:19.014,4092,118,8,8
309,310,2021-10-18 13:11:19.135,4092,119,8,8
310,311,2021-10-18 13:11:19.215,4092,118,8,8
311,312,2021-10-18 13:11:19.322,4092,118,8,8
312,313,2021-10-18 13:11:19.415,4092,118,8,8
313,314,2021-10-18 13:11:19.516,4092,119,8,8
314,315,2021-10-18 13:11:19.657,4092,118,8,8
315,316,2021-10-18 13:11:19.717,4092,119,8,8
316,317,2021-10-18 13:11:19.817,4092,118,8,8
317,318,2021-10-18 13:11:19.929,4092,118,8,8
318,319,2021-10-18 13:11:20.018,4091,118,8,8
319,320,2021-10-18 13:11:20.118,4092,118,8,8
320,321,2021-10-18 13:11:20.218,4092,119,8,8
321,322,2021-10-18 13:11:20.319,4092,119,8,8
322,323,2021-10-18 13:11:20.451,4092,119,8,8
323,324,2021-10-18 13:11:20.52,4092,119,8,8
324,325,2021-10-18 13:11:20.62,4092,119,8,8
325,326,2021-10-18 13:11:20.72,4092,118,8,8
326,327,2021-10-18 13:11:20.822,4092,118,8,8
327,328,2021-10-18 13:11:20.965,4092,119,8,8
328,329,2021-10-18 13:11:21.022,4092,119,8,8
329,330,2021-10-18 13:11:21.123,4092,118,8,8
330,331,2021-10-18 13:11:21.243,4091,119,8,8
331,332,2021-10-18 13:11:21.323,4092,119,8,8
332,333,2021-10-18 13:11:21.477,4092,119,8,8
333,334,2021-10-18 13:11:21.524,4092,118,8,8
334,335,2021-10-18 13:11:21.625,4092,119,8,8
335,336,2021-10-18 13:11:21.751,4093,118,8,8
336,337,2021-10-18 13:11:21.825,4092,118,8,8
337,338,2021-10-18 13:11:21.929,4092,119,8,8
338,339,2021-10-18 13:11:22.026,4091,118,8,8
339,340,2021-10-18 13:11:22.126,4091,118,8,8
340,341,2021-10-18 13:11:22.258,4092,119,8,8
341,342,2021-10-18 13:11:22.327,4093,119,8,8
342,343,2021-10-18 13:11:22.428,4092,119,8,8
343,344,2021-10-18 13:11:22.528,4092,118,8,8
344,345,2021-10-18 13:11:22.628,4092,119,8,8
345,346,2021-10-18 13:11:22.729,4091,118,8,8
346,347,2021-10-18 13:11:22.829,4092,119,8,8
347,348,2021-10-18 13:11:22.929,4092,119,8,8
348,349,2021-10-18 13:11:23.03,4092,120,8,8
349,350,2021-10-18 13:11:23.13,4092,118,8,8
350,351,2021-10-18 13:11:23.23,4092,119,8,8
351,352,2021-10-18 13:11:30.908,4091,120,8,8
352,353,2021-10-18 13:11:31.26,4092,119,8,8
353,354,2021-10-18 13:11:31.762,4092,120,8,8
354,355,2021-10-18 13:11:31.863,4091,120,8,8
355,356,2021-10-18 13:11:31.963,4092,120,8,8
356,357,2021-10-18 13:11:32.068,4091,120,8,8
357,358,2021-10-18 13:11:32.164,4092,119,8,8
358,359,2021-10-18 13:11:32.264,4093,119,8,8
359,360,2021-10-18 13:11:32.398,4092,119,8,8
360,361,2021-10-18 13:11:32.465,4091,119,8,8
361,362,2021-10-18 13:11:32.565,4092,120,8,8
362,363,2021-10-18 13:11:32.665,4092,120,8,8
363,364,2021-10-18 13:11:32.766,4091,120,8,8
364,365,2021-10-18 13:11:32.907,4091,119,8,8
365,366,2021-10-18 13:11:32.967,4091,119,8,8
366,367,2021-10-18 13:11:33.067,4092,120,8,8
367,368,2021-10-18 13:11:33.171,4092,120,8,8
368,369,2021-10-18 13:11:33.268,4092,119,8,8
369,370,2021-10-18 13:11:33.368,4091,120,8,8
370,371,2021-10-18 13:11:33.468,4091,120,8,8
371,372,2021-10-18 13:11:33.569,4092,120,8,8
372,373,2021-10-18 13:11:33.684,4092,120,8,8
373,374,2021-10-18 13:11:33.77,4092,119,8,8
374,375,2021-10-18 13:11:33.87,4091,119,8,8
375,376,2021-10-18 13:11:33.97,4091,120,8,8
376,377,2021-10-18 13:11:34.071,4091,120,8,8
377,378,2021-10-18 13:11:34.224,4092,120,8,8
378,379,2021-10-18 13:11:34.271,4091,119,8,8
379,380,2021-10-18 13:11:34.372,4091,120,8,8
380,381,2021-10-18 13:11:34.472,4091,119,8,8
381,382,2021-10-18 13:11:34.573,4091,120,8,8
382,383,2021-10-18 13:11:34.673,4092,120,8,8
383,384,2021-10-18 13:11:34.773,4092,119,8,8
384,385,2021-10-18 13:11:34.874,4091,120,8,8
385,386,2021-10-18 13:11:35.002,4092,119,8,8
386,387,2021-10-18 13:11:35.074,4091,119,8,8
387,388,2021-10-18 13:11:35.175,4091,119,8,8
388,389,2021-10-18 13:11:35.275,4091,120,8,8
389,390,2021-10-18 13:11:35.376,4092,119,8,8
390,391,2021-10-18 13:11:35.511,4092,120,8,8
391,392,2021-10-18 13:11:35.576,4091,119,8,8
392,393,2021-10-18 13:11:35.677,4091,119,8,8
393,394,2021-10-18 13:11:35.795,4091,119,8,8
394,395,2021-10-18 13:11:35.877,4092,119,8,8
395,396,2021-10-18 13:11:36.029,4091,120,8,8
396,397,2021-10-18 13:11:36.078,4092,119,8,8
397,398,2021-10-18 13:11:36.179,4091,119,8,8
398,399,2021-10-18 13:11:36.31,4092,120,8,8
399,400,2021-10-18 13:11:36.67,4091,120,8,8
400,401,2021-10-18 13:11:47.125,4097,120,8,8
401,402,2021-10-18 13:11:47.421,4097,119,8,8
402,403,2021-10-18 13:11:47.923,4098,119,8,8
403,404,2021-10-18 13:11:48.024,4097,119,8,8
404,405,2021-10-18 13:11:48.124,4097,120,8,8
405,406,2021-10-18 13:11:48.264,4097,119,8,8
406,407,2021-10-18 13:11:48.325,4097,119,8,8
407,408,2021-10-18 13:11:48.425,4098,119,8,8
408,409,2021-10-18 13:11:48.525,4097,120,8,8
409,410,2021-10-18 13:11:48.626,4096,119,8,8
410,411,2021-10-18 13:11:48.771,4097,119,8,8
411,412,2021-10-18 13:11:48.827,4097,119,8,8
412,413,2021-10-18 13:11:48.927,4097,119,8,8
413,414,2021-10-18 13:11:49.058,4097,119,8,8
414,415,2021-10-18 13:11:49.128,4098,119,8,8
415,416,2021-10-18 13:11:49.228,4097,119,8,8
416,417,2021-10-18 13:11:49.328,4098,120,8,8
417,418,2021-10-18 13:11:49.429,4097,119,8,8
418,419,2021-10-18 13:11:49.552,4097,120,8,8
419,420,2021-10-18 13:11:49.63,4098,119,8,8
420,421,2021-10-18 13:11:49.73,4097,119,8,8
421,422,2021-10-18 13:11:49.833,4097,119,8,8
422,423,2021-10-18 13:11:49.931,4097,119,8,8
423,424,2021-10-18 13:11:50.069,4097,119,8,8
424,425,2021-10-18 13:11:50.131,4098,119,8,8
425,426,2021-10-18 13:11:50.232,4097,119,8,8
426,427,2021-10-18 13:11:50.332,4096,120,8,8
427,428,2021-10-18 13:11:50.433,4097,119,8,8
428,429,2021-10-18 13:11:50.533,4096,119,8,8
429,430,2021-10-18 13:11:50.633,4097,120,8,8
430,431,2021-10-18 13:11:50.734,4097,120,8,8
431,432,2021-10-18 13:11:50.848,4097,118,8,8
432,433,2021-10-18 13:11:50.934,4097,120,8,8
433,434,2021-10-18 13:11:51.039,4097,120,8,8
434,435,2021-10-18 13:11:51.135,4097,119,8,8
435,436,2021-10-18 13:11:51.235,4097,119,8,8
436,437,2021-10-18 13:11:51.384,4098,120,8,8
437,438,2021-10-18 13:11:51.436,4098,119,8,8
438,439,2021-10-18 13:11:51.537,4097,120,8,8
439,440,2021-10-18 13:11:51.637,4097,119,8,8
440,441,2021-10-18 13:11:51.737,4097,119,8,8
441,442,2021-10-18 13:11:51.838,4098,120,8,8
442,443,2021-10-18 13:11:51.938,4097,119,8,8
443,444,2021-10-18 13:11:52.038,4097,119,8,8
444,445,2021-10-18 13:11:52.162,4098,119,8,8
445,446,2021-10-18 13:11:52.239,4097,119,8,8
446,447,2021-10-18 13:11:52.34,4096,119,8,8
447,448,2021-10-18 13:11:52.44,4097,120,8,8
448,449,2021-10-18 13:11:52.54,4096,119,8,8
449,450,2021-10-18 13:11:52.801,4097,120,8,8
450,451,2021-10-18 13:11:59.443,4097,121,8,8
451,452,2021-10-18 13:11:59.818,4096,120,8,8
452,453,2021-10-18 13:12:00.32,4097,121,8,8
453,454,2021-10-18 13:12:00.421,4097,120,8,8
454,455,2021-10-18 13:12:00.521,4097,120,8,8
455,456,2021-10-18 13:12:00.621,4097,121,8,8
456,457,2021-10-18 13:12:00.722,4097,120,8,8
457,458,2021-10-18 13:12:00.822,4097,120,8,8
458,459,2021-10-18 13:12:00.929,4097,121,8,8
459,460,2021-10-18 13:12:01.023,4097,121,8,8
460,461,2021-10-18 13:12:01.123,4097,120,8,8
461,462,2021-10-18 13:12:01.25,4097,121,8,8
462,463,2021-10-18 13:12:01.324,4097,120,8,8
463,464,2021-10-18 13:12:01.424,4097,121,8,8
464,465,2021-10-18 13:12:01.524,4096,120,8,8
465,466,2021-10-18 13:12:01.625,4096,120,8,8
466,467,2021-10-18 13:12:01.766,4096,121,8,8
467,468,2021-10-18 13:12:01.826,4097,119,8,8
468,469,2021-10-18 13:12:01.926,4097,120,8,8
469,470,2021-10-18 13:12:02.035,4097,121,8,8
470,471,2021-10-18 13:12:02.13,4097,120,8,8
471,472,2021-10-18 13:12:02.227,4096,120,8,8
472,473,2021-10-18 13:12:02.327,4096,120,8,8
473,474,2021-10-18 13:12:02.428,4097,120,8,8
474,475,2021-10-18 13:12:02.531,4097,121,8,8
475,476,2021-10-18 13:12:02.629,4097,120,8,8
476,477,2021-10-18 13:12:02.729,4097,121,8,8
477,478,2021-10-18 13:12:02.831,4096,120,8,8
478,479,2021-10-18 13:12:02.93,4097,120,8,8
479,480,2021-10-18 13:12:03.075,4096,121,8,8
480,481,2021-10-18 13:12:03.13,4097,121,8,8
481,482,2021-10-18 13:12:03.231,4097,121,8,8
482,483,2021-10-18 13:12:03.331,4096,120,8,8
483,484,2021-10-18 13:12:03.432,4097,121,8,8
484,485,2021-10-18 13:12:03.532,4097,120,8,8
485,486,2021-10-18 13:12:03.632,4097,121,8,8
486,487,2021-10-18 13:12:03.733,4097,121,8,8
487,488,2021-10-18 13:12:03.833,4097,120,8,8
488,489,2021-10-18 13:12:03.933,4097,120,8,8
489,490,2021-10-18 13:12:04.035,4097,120,8,8
490,491,2021-10-18 13:12:04.134,4097,120,8,8
491,492,2021-10-18 13:12:04.235,4096,121,8,8
492,493,2021-10-18 13:12:04.377,4097,121,8,8
493,494,2021-10-18 13:12:04.436,4097,120,8,8
494,495,2021-10-18 13:12:04.536,4097,120,8,8
495,496,2021-10-18 13:12:04.636,4097,120,8,8
496,497,2021-10-18 13:12:04.736,4097,120,8,8
497,498,2021-10-18 13:12:04.887,4097,120,8,8
498,499,2021-10-18 13:12:05.171,4097,121,8,8
499,500,2021-10-18 13:12:05.399,4096,120,8,8
